[
  {
    "id": 1,
    "name": "Петров Иван Иванович",
    "specialty": "Терапевт",
    "experience": 15,
    "photo": "images/doctors/petrov.jpg",
    "education": "Киевский национальный медицинский университет",
    "description": "Опытный терапевт с 15-летним стажем. Специализируется на диагностике и лечении внутренних болезней.",
    "qualifications": ["Врач высшей категории", "Сертификат по внутренней медицине"],
    "schedule": {
      "monday": "9:00-17:00",
      "tuesday": "9:00-17:00", 
      "wednesday": "9:00-17:00",
      "thursday": "9:00-17:00",
      "friday": "9:00-15:00",
      "saturday": "выходной",
      "sunday": "выходной"
    },
    "rating": 4.8,
    "reviews_count": 156,
    "available": true
  },
  {
    "id": 2,
    "name": "Иванова Мария Сергеевна",
    "specialty": "Кардиолог",
    "experience": 12,
    "photo": "images/doctors/ivanova.jpg",
    "education": "Харьковский национальный медицинский университет",
    "description": "Кардиолог с большим опытом работы. Специализируется на лечении сердечно-сосудистых заболеваний.",
    "qualifications": ["Врач высшей категории", "Европейский сертификат кардиолога"],
    "schedule": {
      "monday": "8:00-16:00",
      "tuesday": "8:00-16:00",
      "wednesday": "8:00-16:00", 
      "thursday": "8:00-16:00",
      "friday": "8:00-14:00",
      "saturday": "9:00-13:00",
      "sunday": "выходной"
    },
    "rating": 4.9,
    "reviews_count": 203,
    "available": true
  },
  {
    "id": 3,
    "name": "Сидоров Петр Александрович",
    "specialty": "Невролог",
    "experience": 18,
    "photo": "images/doctors/sidorov.jpg",
    "education": "Днепровский медицинский университет",
    "description": "Невролог с многолетним опытом. Специализируется на диагностике и лечении заболеваний нервной системы.",
    "qualifications": ["Доктор медицинских наук", "Профессор неврологии"],
    "schedule": {
      "monday": "10:00-18:00",
      "tuesday": "10:00-18:00",
      "wednesday": "10:00-18:00",
      "thursday": "10:00-18:00",
      "friday": "10:00-16:00",
      "saturday": "выходной",
      "sunday": "выходной"
    },
    "rating": 4.7,
    "reviews_count": 134,
    "available": true
  },
  {
    "id": 4,
    "name": "Коваленко Анна Викторовна",
    "specialty": "Педиатр",
    "experience": 10,
    "photo": "images/doctors/kovalenko.jpg",
    "education": "Одесский национальный медицинский университет",
    "description": "Детский врач с опытом работы 10 лет. Специализируется на лечении детей всех возрастов.",
    "qualifications": ["Врач первой категории", "Сертификат по педиатрии"],
    "schedule": {
      "monday": "8:00-16:00",
      "tuesday": "8:00-16:00",
      "wednesday": "8:00-16:00",
      "thursday": "8:00-16:00",
      "friday": "8:00-14:00",
      "saturday": "9:00-13:00",
      "sunday": "выходной"
    },
    "rating": 4.9,
    "reviews_count": 187,
    "available": true
  },
  {
    "id": 5,
    "name": "Морозова Елена Дмитриевна",
    "specialty": "Гинеколог",
    "experience": 14,
    "photo": "images/doctors/morozova.jpg",
    "education": "Львовский национальный медицинский университет",
    "description": "Врач-гинеколог с 14-летним опытом. Ведет приём по женскому здоровью и планированию семьи.",
    "qualifications": ["Врач высшей категории", "Специалист по репродуктивной медицине"],
    "schedule": {
      "monday": "9:00-17:00",
      "tuesday": "9:00-17:00",
      "wednesday": "9:00-17:00",
      "thursday": "9:00-17:00",
      "friday": "9:00-15:00",
      "saturday": "выходной",
      "sunday": "выходной"
    },
    "rating": 4.8,
    "reviews_count": 145,
    "available": true
  },
  {
    "id": 6,
    "name": "Ткаченко Виктор Сергеевич",
    "specialty": "Дерматолог",
    "experience": 8,
    "photo": "images/doctors/tkachenko.jpg",
    "education": "Запорожский государственный медицинский университет",
    "description": "Дерматолог-косметолог. Специализируется на лечении кожных заболеваний и эстетической медицине.",
    "qualifications": ["Врач первой категории", "Сертификат дерматолога-косметолога"],
    "schedule": {
      "monday": "10:00-18:00",
      "tuesday": "10:00-18:00",
      "wednesday": "выходной",
      "thursday": "10:00-18:00",
      "friday": "10:00-18:00",
      "saturday": "10:00-16:00",
      "sunday": "выходной"
    },
    "rating": 4.6,
    "reviews_count": 89,
    "available": true
  }
]