[
  {
    "category": "Консультации",
    "icon": "fas fa-user-md",
    "services": [
      {
        "name": "Первичная консультация терапевта",
        "price": 500,
        "duration": "30 мин",
        "description": "Осмотр, сбор анамнеза, постановка диагноза"
      },
      {
        "name": "Повторная консультация терапевта", 
        "price": 400,
        "duration": "20 мин",
        "description": "Контрольный осмотр, корректировка лечения"
      },
      {
        "name": "Консультация кардиолога",
        "price": 800,
        "duration": "45 мин",
        "description": "Обследование сердечно-сосудистой системы"
      },
      {
        "name": "Консультация невролога",
        "price": 700,
        "duration": "40 мин",
        "description": "Обследование нервной системы"
      },
      {
        "name": "Консультация педиатра",
        "price": 600,
        "duration": "30 мин",
        "description": "Осмотр и консультация для детей"
      },
      {
        "name": "Консультация гинеколога",
        "price": 650,
        "duration": "35 мин",
        "description": "Гинекологический осмотр и консультация"
      },
      {
        "name": "Консультация дерматолога",
        "price": 550,
        "duration": "30 мин",
        "description": "Обследование кожных покровов"
      }
    ]
  },
  {
    "category": "Диагностика",
    "icon": "fas fa-stethoscope",
    "services": [
      {
        "name": "ЭКГ (электрокардиограмма)",
        "price": 200,
        "duration": "15 мин",
        "description": "Исследование работы сердца"
      },
      {
        "name": "УЗИ органов брюшной полости",
        "price": 400,
        "duration": "25 мин",
        "description": "Ультразвуковое исследование внутренних органов"
      },
      {
        "name": "УЗИ щитовидной железы",
        "price": 350,
        "duration": "20 мин",
        "description": "Исследование щитовидной железы"
      },
      {
        "name": "УЗИ сердца (ЭхоКГ)",
        "price": 500,
        "duration": "30 мин",
        "description": "Ультразвуковое исследование сердца"
      },
      {
        "name": "Рентгенография грудной клетки",
        "price": 300,
        "duration": "15 мин",
        "description": "Рентгеновский снимок легких"
      },
      {
        "name": "Рентгенография позвоночника",
        "price": 350,
        "duration": "20 мин",
        "description": "Рентгенография отделов позвоночника"
      },
      {
        "name": "Маммография",
        "price": 450,
        "duration": "20 мин",
        "description": "Рентгенологическое исследование молочных желез"
      }
    ]
  },
  {
    "category": "Лабораторные анализы",
    "icon": "fas fa-vial",
    "services": [
      {
        "name": "Общий анализ крови",
        "price": 150,
        "duration": "10 мин",
        "description": "Развернутый анализ крови с лейкоформулой"
      },
      {
        "name": "Биохимический анализ крови",
        "price": 300,
        "duration": "10 мин",
        "description": "Комплексное исследование биохимических показателей"
      },
      {
        "name": "Общий анализ мочи",
        "price": 100,
        "duration": "10 мин",
        "description": "Исследование физико-химических свойств мочи"
      },
      {
        "name": "Анализ крови на сахар",
        "price": 80,
        "duration": "5 мин",
        "description": "Определение уровня глюкозы в крови"
      },
      {
        "name": "Анализ на гормоны щитовидной железы",
        "price": 400,
        "duration": "10 мин",
        "description": "ТТГ, Т3, Т4 свободный"
      },
      {
        "name": "Липидограмма",
        "price": 250,
        "duration": "10 мин",
        "description": "Исследование липидного обмена"
      },
      {
        "name": "Коагулограмма",
        "price": 200,
        "duration": "10 мин",
        "description": "Исследование свертываемости крови"
      }
    ]
  },
  {
    "category": "Процедуры",
    "icon": "fas fa-syringe",
    "services": [
      {
        "name": "Внутримышечная инъекция",
        "price": 50,
        "duration": "5 мин",
        "description": "Введение лекарственного препарата"
      },
      {
        "name": "Внутривенная инъекция",
        "price": 100,
        "duration": "10 мин",
        "description": "Введение препарата в вену"
      },
      {
        "name": "Капельница",
        "price": 300,
        "duration": "60 мин",
        "description": "Внутривенное капельное введение"
      },
      {
        "name": "Перевязка",
        "price": 150,
        "duration": "15 мин",
        "description": "Обработка ран, смена повязки"
      },
      {
        "name": "Снятие швов",
        "price": 200,
        "duration": "15 мин",
        "description": "Удаление хирургических швов"
      },
      {
        "name": "Измерение артериального давления",
        "price": 30,
        "duration": "5 мин",
        "description": "Контроль артериального давления"
      }
    ]
  },
  {
    "category": "Профилактические программы",
    "icon": "fas fa-shield-alt",
    "services": [
      {
        "name": "Базовый чек-ап",
        "price": 2500,
        "duration": "2 часа",
        "description": "Комплексное обследование: консультации терапевта, кардиолога, основные анализы"
      },
      {
        "name": "Расширенный чек-ап",
        "price": 4500,
        "duration": "3 часа", 
        "description": "Полное обследование организма с консультациями специалистов"
      },
      {
        "name": "Женский чек-ап",
        "price": 3500,
        "duration": "2.5 часа",
        "description": "Специализированное обследование для женщин"
      },
      {
        "name": "Мужской чек-ап",
        "price": 3200,
        "duration": "2.5 часа",
        "description": "Специализированное обследование для мужчин"
      },
      {
        "name": "Детский чек-ап",
        "price": 2000,
        "duration": "1.5 часа",
        "description": "Комплексное обследование для детей"
      }
    ]
  }
]