[
    {
        "id": 1,
        "title": "Открылось новое отделение кардиологии",
        "description": "С современным оборудованием и опытными специалистами",
        "badge": "🆕 Новость",
        "date": "15 вересня 2024",
        "image": "https://images.unsplash.com/photo-1576091160399-112ba8d25d1f?ixlib=rb-4.0.3&auto=format&fit=crop&w=400&q=80"
    },
    {
        "id": 2,
        "title": "Безкоштовні консультації",
        "description": "Кожного вівторка з 9:00 до 12:00 для пенсіонерів",
        "badge": "📅 Акція",
        "date": "10 вересня 2024",
        "image": "https://images.unsplash.com/photo-1559757175-0eb30cd8c063?ixlib=rb-4.0.3&auto=format&fit=crop&w=400&q=80"
    },
    {
        "id": 3,
        "title": "Нові види лабораторних аналізів",
        "description": "Розширили список доступних досліджень",
        "badge": "🔬 Послуга",
        "date": "8 вересня 2024",
        "image": "https://images.unsplash.com/photo-1582750433449-648ed127bb54?ixlib=rb-4.0.3&auto=format&fit=crop&w=400&q=80"
    },
    {
        "id": 4,
        "title": "Отримали сертифікат якості ISO 9001",
        "description": "Міжнародна сертифікація системи менеджменту",
        "badge": "🏆 Досягнення",
        "date": "5 вересня 2024",
        "image": "https://images.unsplash.com/photo-1559757148-5c350d0d3c56?ixlib=rb-4.0.3&auto=format&fit=crop&w=400&q=80"
    },
    {
        "id": 5,
        "title": "Новий спеціаліст з неврології",
        "description": "Доктор Петренко Олексій Олександрович",
        "badge": "👨‍⚕️ Лікар",
        "date": "1 вересня 2024",
        "image": "https://images.unsplash.com/photo-1612349317150-e413f6a5b16d?ixlib=rb-4.0.3&auto=format&fit=crop&w=400&q=80"
    },
    {
        "id": 6,
        "title": "Помогли более 5000 пациентов",
        "description": "В этом году наша клиника оказала помощь рекордному количеству пациентов",
        "badge": "📊 Статистика",
        "date": "28 серпня 2024",
        "image": "https://images.unsplash.com/photo-1584515933487-779824d29309?ixlib=rb-4.0.3&auto=format&fit=crop&w=400&q=80"
    }
]