[
  {
    "id": 1,
    "text": "Очень довольна обслуживанием в медицинском центре! Врачи профессиональные, внимательные. Особенно хочу поблагодарить доктора Петрова за грамотную консультацию.",
    "author": "Анна Коваленко",
    "rating": 5,
    "date": "2024-03-15",
    "doctor": "Петров Иван Иванович"
  },
  {
    "id": 2,
    "text": "Быстро записали на прием, все прошло оперативно и качественно. Современное оборудование, чистота в кабинетах. Рекомендую!",
    "author": "Михаил Петренко",
    "rating": 5,
    "date": "2024-03-12",
    "doctor": "Иванова Мария Сергеевна"
  },
  {
    "id": 3,
    "text": "Отличный медицинский центр! Персонал вежливый, врачи компетентные. Цены разумные, качество услуг на высоте.",
    "author": "Елена Сидорова",
    "rating": 5,
    "date": "2024-03-10",
    "doctor": "Сидоров Петр Александрович"
  },
  {
    "id": 4,
    "text": "Привела ребенка к педиатру - осталась очень довольна! Доктор нашла подход к малышу, все объяснила понятно. Спасибо!",
    "author": "Ирина Мороз",
    "rating": 5,
    "date": "2024-03-08",
    "doctor": "Коваленко Анна Викторовна"
  },
  {
    "id": 5,
    "text": "Хорошая клиника, удобное расположение. Единственное замечание - иногда приходится ждать немного дольше назначенного времени.",
    "author": "Дмитрий Ткаченко",
    "rating": 4,
    "date": "2024-03-05",
    "doctor": "Морозова Елена Дмитриевна"
  },
  {
    "id": 6,
    "text": "Современное оборудование, квалифицированные врачи. Результатами лечения полностью довольна. Буду обращаться еще!",
    "author": "Светлана Яковлева",
    "rating": 5,
    "date": "2024-03-03",
    "doctor": "Ткаченко Виктор Сергеевич"
  }
]